<wpml-config>
    <custom-types>
        <custom-type translate="1">listing</custom-type>
        <custom-type translate="1">lbooking</custom-type>
        <custom-type translate="1">cthclaim</custom-type>
        <custom-type translate="1">lmessage</custom-type>
        <custom-type translate="1">lorder</custom-type>
        <custom-type translate="1">lplan</custom-type>
        <custom-type translate="1">cth_testimonial</custom-type>
        <custom-type translate="1">member</custom-type>
    </custom-types>
    <taxonomies>
        <taxonomy translate="1">listing_cat</taxonomy>
        <taxonomy translate="1">listing_feature</taxonomy>
        <taxonomy translate="1">listing_location</taxonomy>
    </taxonomies>
    <admin-texts>
        <key name="easybook_options">
            <key name="loader_icon">
                <key name="url"/>
                <key name="id"/>
                <key name="height"/>
                <key name="width"/>
                <key name="thumbnail"/>
            </key>
            <key name="header_info"/>
            <key name="blog_head_title"/>
            <key name="blog_head_intro"/>
            <key name="blog_header_image">
                <key name="url"/>
                <key name="id"/>
                <key name="height"/>
                <key name="width"/>
                <key name="thumbnail"/>
            </key>
            <key name="footer_widgets"/>
            <key name="footer_logo">
                <key name="url"/>
                <key name="id"/>
                <key name="height"/>
                <key name="width"/>
                <key name="thumbnail"/>
            </key>
            <key name="footer_copyright"/>
            <key name="error404_bg">
                <key name="url"/>
                <key name="id"/>
                <key name="height"/>
                <key name="width"/>
                <key name="thumbnail"/>
            </key> 
            <key name="error404_msg"/>
        </key>
    </admin-texts>
</wpml-config>